<?xml version="1.0" encoding="UTF-8"?>
<files>
  <file name="Ben Schwartz on Gaming, His Emmy and Randy Cunningham_ 9th Grade Ninja _ WIRED" source="original">
    <mtime>1664453743</mtime>
    <size>349703</size>
    <md5>ae34733f6aa371dae2f0ade207fb446e</md5>
    <crc32>22276d36</crc32>
    <sha1>e270e2ff5b19dc6cf7b3ed80d55d86c9c763bfb1</sha1>
    <format>Unknown</format>
    <viruscheck>1664454148</viruscheck>
  </file>
  <file name="ben-schwartz-on-gaming-his-emmy-and-randy-cunningham-9th-grade-ninja-wired_archive.torrent" source="metadata">
    <btih>22ed70cf1647f2c1683c3a2c1868523e0c13f093</btih>
    <mtime>1664454768</mtime>
    <size>2241</size>
    <md5>242caffdacf98299ed63db7a489c0ff6</md5>
    <crc32>0d8f4e2e</crc32>
    <sha1>811299c6fefaf000e80e34a1e94f5f7c26a5f354</sha1>
    <format>Archive BitTorrent</format>
  </file>
  <file name="ben-schwartz-on-gaming-his-emmy-and-randy-cunningham-9th-grade-ninja-wired_files.xml" source="original">
    <format>Metadata</format>
    <md5>a0b8331ea00d08628c5887263b582f00</md5>
    <summation>md5</summation>
  </file>
  <file name="ben-schwartz-on-gaming-his-emmy-and-randy-cunningham-9th-grade-ninja-wired_meta.sqlite" source="original">
    <mtime>1664453807</mtime>
    <size>20480</size>
    <md5>42ef7116304fc8d6c4920dda091850da</md5>
    <crc32>28c2a865</crc32>
    <sha1>44ced6ee7265d10d47f5b96413730d40616806cd</sha1>
    <format>Metadata</format>
  </file>
  <file name="ben-schwartz-on-gaming-his-emmy-and-randy-cunningham-9th-grade-ninja-wired_meta.xml" source="original">
    <mtime>1664454766</mtime>
    <size>1094</size>
    <md5>e964784b2134bdb11011759e4d7078f5</md5>
    <crc32>168b6744</crc32>
    <sha1>00be45b53b8613e663e50cb1c1419c5a1a2090ea</sha1>
    <format>Metadata</format>
  </file>
</files>
