<?xml version="1.0" encoding="UTF-8"?>
<metadata>
  <identifier>ben-schwartz-on-gaming-his-emmy-and-randy-cunningham-9th-grade-ninja-wired</identifier>
  <mediatype>texts</mediatype>
  <collection>opensource</collection>
  <collection>community</collection>
  <description>Ben Schwartz gives an interview about his lead role in Disney's Randy Cunningham: 9th Grade Ninja </description>
  <scanner>Internet Archive HTML5 Uploader 1.7.0</scanner>
  <subject> Ben Schwartz, Rc9gn, Randy Cunningham: 9th Grade Ninja</subject>
  <title>Ben Schwartz On Gaming, His Emmy And Randy Cunningham 9th Grade Ninja WIRED</title>
  <uploader>calkalisto@gmail.com</uploader>
  <publicdate>2022-09-29 12:16:11</publicdate>
  <addeddate>2022-09-29 12:16:11</addeddate>
  <curation>[curator]validator@archive.org[/curator][date]20220929122228[/date][comment]checked for malware[/comment]</curation>
  <identifier-access>http://archive.org/details/ben-schwartz-on-gaming-his-emmy-and-randy-cunningham-9th-grade-ninja-wired</identifier-access>
  <identifier-ark>ark:/13960/s22t67tbjmz</identifier-ark>
</metadata>
